distance(cm);start;1;2;3;4;5;6;7;8;9;10;11;12;13;14;15;16;17;18;19;20;21;22;23;24;25;26;27;28;29;30;31;32;end;index;code
50;9801;1808;1808;600;600;591;591;587;1824;1817;1818;591;535;591;1817;1807;1817;1817;1807;600;590;599;590;591;600;591;600;1808;1817;1808;1813;1808;1808;1085;0;s11000001110001111100000000111111t;
50;9793;1808;1807;600;591;600;591;600;1809;1808;1808;592;591;601;1808;1808;1817;1808;1817;591;591;591;598;591;591;600;591;1808;1808;1807;1808;1808;1816;1076;1;s11000001110001111100000000111111t;
50;9799;1817;1817;600;590;591;600;600;1810;1817;1820;591;591;591;1808;1807;1817;1808;1817;600;600;591;591;600;600;591;564;1817;1807;1808;1817;1808;1817;1075;2;s11000001110001111100000000111111t;
50;9806;1817;1817;600;590;591;591;600;1808;1817;1817;600;590;589;1816;1808;1808;1817;1808;599;600;600;590;600;600;590;591;1807;1815;1807;1809;1808;1808;1085;3;s11000001110001111100000000111111t;
50;9808;1817;1817;591;590;600;590;591;1817;1808;1808;591;600;591;1817;1815;1808;1816;1808;591;599;591;590;591;599;600;599;1817;1817;1808;1817;1817;1808;1085;4;s11000001110001111100000000111111t;
50;9799;1812;1815;590;591;599;600;591;1817;1817;1808;591;600;601;1817;1808;1808;1789;1818;591;600;591;601;600;591;591;600;1808;1817;1817;1818;1815;1815;1076;5;s11000001110001111100000000111111t;
50;9806;1817;1817;591;591;592;590;600;1816;1816;1816;599;591;590;1817;1808;1808;1817;1807;590;600;599;591;600;590;600;590;1807;1817;1807;1817;1817;1808;1077;6;s11000001110001111100000000111111t;
50;9803;1811;1812;594;595;595;594;594;1811;1821;1821;594;595;594;1820;1811;1812;1802;1812;603;604;595;594;594;603;594;594;1811;1802;1811;1811;1808;1811;1080;7;s11000001110001111100000000111111t;
50;9793;1808;1816;599;591;590;600;599;1817;1817;1817;591;589;591;1807;1807;1807;1807;1808;600;600;591;590;591;600;591;591;1815;1807;1817;1817;1817;1817;1076;8;s11000001110001111100000000111111t;
50;9800;1817;1817;591;591;600;600;591;1809;1808;1808;590;600;600;1806;1816;1817;1808;1817;600;590;600;591;599;591;599;591;1807;1816;1816;1808;1817;1817;1076;9;s11000001110001111100000000111111t;
50;9812;1811;1820;595;593;594;603;604;1811;1811;1811;586;594;594;1811;1811;1811;1811;1818;604;594;594;594;604;604;594;594;1811;1811;1811;1820;1811;1809;1388;10;s11000001110001111100000000111111e;
50;9795;1811;1811;594;594;594;594;595;1802;1817;1820;594;594;594;1811;1811;1812;1810;1811;594;604;594;594;594;593;594;594;1811;1812;1811;1811;1812;1811;1070;11;s11000001110001111100000000111111t;
50;9800;1808;1808;600;581;591;591;600;1801;1807;1817;597;590;590;1807;1817;1807;1817;1808;591;600;591;600;591;600;591;600;1805;1808;1807;1808;1808;1807;1076;12;s11000001110001111100000000111111t;
50;9803;1809;1812;594;585;594;595;595;1811;1820;1811;595;594;594;1810;1812;1819;1811;1812;594;594;594;595;594;594;585;594;1820;1811;1812;1809;1811;1812;1079;13;s11000001110001111100000000111111t;
50;9795;1811;1802;594;595;594;594;585;1821;1820;1811;594;594;604;1811;1821;1811;1811;1811;594;595;594;594;603;595;595;594;1802;1811;1820;1811;1811;1811;1070;14;s11000001110001111100000000111111t;
50;9800;1817;1817;591;600;600;591;591;1820;1807;1817;590;600;590;1816;1817;1808;1817;1817;591;591;600;600;598;591;590;599;1807;1806;1820;1813;1816;1807;1075;15;s11000001110001111100000000111111t;
50;9804;1817;1816;591;600;591;591;591;1808;1808;1834;600;591;591;1817;1808;1808;1818;1808;600;591;600;591;591;601;600;591;1805;1817;1807;1808;1817;1808;1079;16;s11000001110001111100000000111111t;
50;9801;1826;1817;591;600;600;590;600;1816;1807;1816;600;591;590;1780;1808;1807;1807;1808;591;600;600;591;591;600;600;591;1808;1816;1808;1808;1817;1808;1076;17;s11000001110001111100000000111111t;
50;9807;1815;1818;591;600;591;591;591;1817;1808;1817;600;591;591;1817;1805;1808;1817;1808;591;600;592;591;601;600;601;591;1819;1817;1817;1814;1809;1808;1076;18;s11000001110001111100000000111111t;
50;9800;1816;1807;591;600;600;591;591;1817;1808;1808;600;600;590;1808;1817;1808;1805;1811;591;599;591;600;591;599;600;599;1817;1817;1817;1817;1817;1807;1076;19;s11000001110001111100000000111111t;
50;9801;1808;1816;590;591;599;545;600;1808;1817;1808;591;600;600;1808;1817;1817;1817;1808;599;591;600;591;600;600;591;591;1818;1808;1817;1817;1817;1817;1076;20;s11000001110001111100000000111111t;
50;9797;297;1807;1807;590;591;591;600;590;1807;1817;1808;581;590;591;1817;1808;1808;1817;1816;590;591;591;590;590;600;600;591;1808;1818;1808;1798;1808;1817;21;se11000001110001111100000000111111;
50;9793;1808;1808;600;600;590;591;600;1808;1817;1815;600;591;591;1816;1807;1807;1816;1807;590;600;600;600;590;591;599;590;1807;1816;1807;1807;1817;1808;1085;22;s11000001110001111100000000111111t;
50;9796;1817;1807;600;600;591;591;590;1817;1808;1807;600;591;590;1808;1817;1808;1808;1816;591;600;591;600;591;591;591;600;1808;1814;1818;1808;1816;1816;1076;23;s11000001110001111100000000111111t;
50;9795;1821;1822;594;594;600;594;594;1877;1814;1811;595;603;603;1811;1811;1812;1809;1811;604;594;594;594;594;604;594;594;1811;1802;1820;1820;1807;1821;1070;24;s1100000e110001111100000000111111t;
50;9803;1821;1811;594;594;594;595;595;1813;1802;1820;603;603;595;1811;1811;1811;1821;1811;594;594;602;595;594;594;594;603;1812;1811;1812;1811;1811;1812;1079;25;s11000001110001111100000000111111t;
50;9804;1195;1809;1808;600;591;599;591;600;1807;1807;1807;599;591;591;1807;1807;1816;1807;1807;591;600;599;590;591;590;599;591;1817;1807;1807;1817;1817;1816;26;se11000001110001111100000000111111;
50;9792;1808;1808;600;591;591;591;591;2142;1808;1817;601;593;591;1817;1808;1817;1815;1808;801;591;600;591;600;591;600;590;1806;1816;1807;1816;1817;1807;1085;27;s1100000e1100011111e0000000111111t;
50;9804;1817;1817;591;600;591;600;591;1817;1818;1920;591;600;591;1810;1817;1808;1817;1817;591;592;600;600;591;591;600;573;1808;1808;1819;1807;1817;1807;1076;28;s110000011e0001111100000000111111t;
50;9803;1811;1811;595;597;594;595;595;1811;1811;1811;604;594;594;1811;1812;1811;1811;1810;594;594;594;586;595;594;594;585;1820;1820;1812;1811;1811;1819;1079;29;s11000001110001111100000000111111t;
50;9803;1818;1821;594;595;594;594;594;1811;1811;1811;594;603;603;1812;1811;1801;1811;1820;604;594;594;594;604;594;594;594;1820;1811;1821;1809;1811;1811;1070;30;s11000001110001111100000000111111t;
50;9812;1811;1820;603;585;590;594;594;1811;1820;1812;594;594;594;1811;1811;1821;1811;1812;603;594;594;594;594;604;594;594;1811;1802;1811;1820;1811;1811;1070;31;s11000001110001111100000000111111t;
50;9803;1808;1817;591;591;599;591;600;1808;1806;1808;591;600;600;1808;1817;1817;1817;1817;590;591;591;591;588;600;591;600;1817;1808;1808;1817;1808;1818;1066;32;s11000001110001111100000000111111t;
50;9789;1807;1808;600;590;600;599;600;1816;1816;1811;591;599;591;1807;1816;1817;1817;1817;600;590;591;590;600;600;591;591;1817;1817;1808;1817;1808;1817;1076;33;s11000001110001111100000000111111t;
50;9801;1807;1817;600;590;590;600;600;1816;1817;1808;591;591;600;1790;1808;1817;1807;1807;599;600;599;591;590;600;590;600;1816;1805;1817;1817;1808;1817;1076;34;s11000001110001111100000000111111t;
50;9808;1807;1808;600;600;590;591;600;1817;1807;1817;600;590;590;1817;1807;1808;1817;1808;600;591;601;591;591;591;600;591;1808;1820;1808;1815;1818;1807;1076;35;s11000001110001111100000000111111t;
50;9794;297;1816;1899;600;590;600;591;600;1807;1817;1799;591;591;599;1808;1808;1817;1806;1808;590;591;591;591;600;600;591;591;1817;1808;1817;1808;1808;1815;36;se1e000001110001111100000000111111;
50;9792;1817;1807;591;591;591;591;591;1816;1817;1808;600;599;591;1816;1816;1807;1816;1817;589;599;591;599;591;590;600;599;1817;1817;1817;1817;1817;1808;1076;37;s11000001110001111100000000111111t;
50;9812;1807;1808;600;600;591;591;600;1805;1808;1817;590;591;600;1817;1817;1817;1807;1817;591;600;591;600;600;591;591;587;1808;1808;1808;1813;1808;1816;1075;38;s11000001110001111100000000111111t;
50;9805;1807;1807;600;600;591;600;590;1808;1816;1815;599;590;590;1817;1807;1808;1817;1807;600;600;591;591;600;601;600;590;1817;1817;1808;1817;1808;1817;1076;39;s11000001110001111100000000111111t;
50;9795;1812;1820;603;585;594;604;603;1811;1817;1802;594;594;594;1802;1813;1820;2347;1795;594;595;594;594;594;594;594;595;1811;1811;1811;1793;1812;1820;1079;40;s1100000111000111e100000000111111t;
50;9800;1807;1816;600;591;591;600;600;1808;1817;1817;591;590;591;1817;1808;1817;1806;1808;600;600;590;591;600;600;591;591;1817;1807;1808;1817;1806;1808;1076;41;s11000001110001111100000000111111t;
50;9805;1807;1808;600;591;597;600;591;1808;1807;1808;591;600;600;1817;2058;1814;1808;1815;595;599;600;599;590;590;600;599;1817;1817;1817;1816;1817;1808;1075;42;s11000001110001e11100000000111111t;
50;9803;1811;1811;594;603;595;595;594;1810;1802;1820;604;594;594;1811;1802;1821;1820;1811;595;595;594;594;594;594;594;595;1811;1820;1810;1812;1802;1821;1079;43;s11000001110001111100000000111111t;
50;9801;1808;1817;601;591;601;591;600;1808;1818;1814;591;591;591;1817;1808;1815;1811;1808;600;600;591;591;600;591;591;585;1808;1817;1808;1808;1812;1808;1085;44;s11000001110001111100000000111111t;
50;9800;1807;1808;591;597;600;600;591;1807;1300;1811;591;603;591;1809;1808;1808;1808;1818;591;591;601;600;601;591;600;591;2171;1808;1817;1807;1817;1817;1075;45;s11000001e10001111100000000e11111t;
50;9807;1813;1817;581;590;591;600;600;1808;1816;1808;591;600;591;1809;1807;2321;1808;1815;599;590;591;600;600;591;591;591;1808;1808;1817;1808;1817;1817;1067;46;s110000011100011e1100000000111111t;
50;9793;1808;1817;592;600;591;600;591;1817;1815;1808;591;600;601;1817;1817;1808;1820;1817;591;591;594;600;590;589;591;600;1808;1817;1817;1808;1817;1808;1076;47;s11000001110001111100000000111111t;
50;9801;1808;1808;600;600;590;600;591;1808;1808;1808;590;591;600;1817;1817;1817;1808;1817;591;600;591;600;591;600;600;591;1815;1817;1808;1817;1808;1817;1075;48;s11000001110001111100000000111111t;
50;9806;1808;1808;599;600;591;590;590;1807;1808;1817;591;590;600;1815;1808;1817;1817;1814;600;600;591;591;600;600;591;591;1808;1817;1807;1817;1808;1817;1076;49;s11000001110001111100000000111111t;
50;9834;1815;1808;618;592;591;600;591;1808;1808;1817;592;591;591;1816;1808;1822;1808;1808;591;600;591;591;600;600;600;591;1807;1808;1808;1814;2307;1817;1076;50;s110000011100011111000000001111e1t;
50;9800;1817;1804;589;599;590;600;590;1816;1817;1808;600;591;600;1808;1817;1808;1824;1817;591;591;591;600;591;591;601;600;1808;1808;1808;1808;1813;1817;1076;51;s11000001110001111100000000111111t;
50;9802;1817;1817;600;590;591;590;590;1817;1808;1808;600;590;600;1816;1807;1817;1817;1808;600;600;591;591;590;600;591;600;1808;1817;1808;1816;1817;1808;1076;52;s11000001110001111100000000111111t;
50;9800;1808;1808;591;600;591;600;591;1819;1809;1817;600;590;591;1816;1807;1808;1817;1808;600;599;600;591;590;590;600;590;1811;1816;1816;1817;1817;1817;1067;53;s11000001110001111100000000111111t;
50;9804;1811;1812;594;603;594;594;594;1811;1811;1820;603;585;585;1819;1811;1811;1820;1811;594;595;603;594;594;594;604;604;1811;1811;1802;1812;1820;1811;1080;54;s11000001110001111100000000111111t;
50;9800;1808;1816;599;591;591;591;599;1808;1808;1817;600;599;591;1807;1815;1816;1817;1817;600;590;600;590;591;599;591;398;1814;1815;1808;1811;1817;1808;1085;55;s1100000111000111110000000e111111t;
50;9795;1811;1812;594;595;594;576;585;1811;1820;1812;594;594;604;1811;1811;1820;1812;1811;602;594;594;594;594;594;594;594;1811;1802;1821;1820;1811;1811;1070;56;s11000001110001111100000000111111t;
50;9796;1808;1807;600;600;595;600;647;1823;1817;1817;591;591;590;1959;1813;1816;1816;1807;599;591;599;591;591;599;600;600;1817;1817;1817;1817;1816;1808;1076;57;s1100000111000e111100000000111111t;
50;9801;1816;1808;591;600;591;600;591;1817;1817;1805;591;600;600;1816;1817;1808;1817;1817;591;591;590;600;599;599;591;589;1808;1807;1807;1807;1817;1817;1075;58;s11000001110001111100000000111111t;
50;9795;1811;1820;613;603;594;594;595;1820;1812;1811;595;585;594;1820;1809;1812;1811;1243;585;603;603;383;585;594;595;604;1811;1811;1802;1811;1811;1811;1079;59;s11000001110001111e000e0000111111t;
50;9809;1826;1815;600;591;600;591;600;1812;1808;1808;600;599;600;1816;1816;1817;1815;1807;600;591;590;600;590;600;600;590;1808;1816;1808;1816;1815;1807;1075;60;s11000001110001111100000000111111t;
50;9801;1808;1818;591;591;589;600;600;1808;1814;1818;591;591;600;1817;1817;1808;1328;1812;591;600;591;591;600;601;601;586;1817;1827;1808;1807;1808;1808;1083;61;s1100000111000111e100000000111111t;
50;9819;1820;1811;594;604;603;594;594;1810;1802;1820;595;604;585;1811;1821;1811;1811;1812;585;594;603;603;594;594;594;604;1811;1811;1811;1812;1820;1811;1080;62;s11000001110001111100000000111111t;
50;9796;1813;1823;591;591;600;600;591;1808;1807;1815;591;591;600;1807;1817;1817;1809;1817;591;591;591;600;600;591;589;591;1817;1808;1817;1817;1806;1818;1067;63;s11000001110001111100000000111111t;
50;9810;1817;1808;591;591;600;600;591;1808;1817;1808;600;661;600;1817;1817;1808;1816;1817;582;591;591;600;600;591;591;600;1808;1816;1817;1808;1817;1808;1075;64;s11000001110e01111100000000111111t;
50;9803;1817;1808;591;600;600;600;591;1817;1817;1805;600;599;600;1808;1815;1807;1808;1817;590;600;590;600;600;591;590;591;1808;1807;1821;1808;1817;1816;1076;65;s11000001110001111100000000111111t;
50;9813;1817;1806;590;600;591;590;591;1817;1807;1808;600;599;591;1816;1817;1815;1815;1817;591;591;590;599;590;590;591;600;1808;1817;1817;1817;1815;1817;1076;66;s11000001110001111100000000111111t;
50;9800;1817;1817;591;607;591;600;591;1817;1817;1808;600;591;600;1807;1807;1807;1807;1815;590;591;599;600;600;591;590;600;1816;1807;1816;1807;1808;1817;1076;67;s11000001110001111100000000111111t;
50;9798;1817;1817;591;591;590;600;600;1817;1817;1808;591;591;600;1809;1817;1817;1817;1817;600;592;597;600;591;600;591;591;1808;1806;1808;1817;1807;1817;1076;68;s11000001110001111100000000111111t;
50;9802;1808;1817;600;600;591;590;600;1807;1809;1817;590;600;590;1817;1817;1817;1817;1817;590;600;591;600;591;600;599;590;1816;1817;1817;1817;1808;1817;1076;69;s11000001110001111100000000111111t;
50;9801;1821;1820;594;594;594;594;603;1811;1811;1802;585;594;594;1811;1811;1811;1811;1820;603;585;585;595;604;604;585;595;1820;1811;1774;1811;1802;1820;1070;70;s11000001110001111100000000111111t;
50;9800;297;1806;1807;590;600;591;599;590;1817;1808;1817;590;590;591;1817;1799;1807;1817;1808;590;600;591;591;590;600;600;591;1808;1817;1807;1817;1799;1807;71;se11000001110001111100000000111111;
50;9793;1811;1807;591;600;599;591;590;1817;1808;1808;600;590;591;1807;1807;1807;1816;1808;600;591;600;591;600;591;600;591;1807;1817;1807;1817;1818;1815;1076;72;s11000001110001111100000000111111t;
50;9806;1808;1808;591;601;591;592;586;1808;1808;1808;600;600;591;1808;1817;870;1821;1808;600;592;599;591;599;600;590;591;1807;1816;1807;1808;1808;1808;1076;73;s110000011100011e1100000000111111t;
50;9809;1817;1808;600;590;590;600;590;1817;1816;1808;600;591;591;1808;1817;1808;1817;1817;591;591;600;591;591;591;600;600;1817;1808;1817;1808;1817;1808;1076;74;s11000001110001111100000000111111t;
50;9803;1811;1811;594;594;585;594;594;1821;1811;1811;604;594;594;1818;1802;1820;1820;1812;594;594;594;595;594;594;594;594;1812;1820;1811;1812;1811;1812;1079;75;s11000001110001111100000000111111t;
50;9793;1805;1808;600;582;591;591;600;1808;1817;1808;591;775;607;1807;1808;1817;1817;1817;591;591;600;591;591;591;600;600;1817;1817;1817;1815;1812;1808;1076;76;s11000001110e01111100000000111111t;
50;9801;1816;1817;590;591;601;600;601;1808;1817;1808;600;591;601;1808;1817;1817;1815;1821;600;591;592;601;592;591;600;591;1817;1808;1818;1817;1808;1816;1368;77;s11000001110001111100000000111111e;
50;9801;1807;1817;600;591;591;591;600;1806;1808;1817;591;590;600;1816;1816;1816;1807;1816;599;600;591;591;590;600;600;599;1817;1817;1817;1817;1807;1817;1076;78;s11000001110001111100000000111111t;
50;9801;1817;1808;593;601;595;600;591;1818;1725;1818;591;591;591;1818;1808;1817;1164;1808;591;600;591;591;592;591;600;584;1807;1808;1808;1807;1817;1807;1075;79;s1100000111000111e100000000111111t;
50;9800;1807;1826;590;591;600;600;590;1817;1817;1816;600;599;600;1807;1808;1808;1807;1817;591;600;600;591;591;591;600;591;1807;1808;1817;1807;1808;1808;1075;80;s11000001110001111100000000111111t;
50;9808;1811;1817;599;600;591;591;600;1817;1807;1817;600;590;591;1808;1808;1808;1817;1808;591;600;600;591;591;600;600;591;1808;1823;1807;1808;1818;1808;1076;81;s11000001110001111100000000111111t;
50;9800;1813;1817;591;591;591;600;600;1817;1817;1807;591;591;600;1808;1814;1818;1808;1817;600;590;591;591;600;600;591;591;1817;1807;1817;1814;1808;1817;1076;82;s11000001110001111100000000111111t;
50;9809;1807;1815;590;599;590;599;590;1817;1808;1808;601;591;591;1808;1808;1808;1812;1808;590;600;600;591;590;600;600;581;1808;1807;1808;1808;1817;1817;1076;83;s11000001110001111100000000111111t;
50;9803;1817;1817;590;591;590;600;600;1807;1816;1817;591;591;591;1808;1808;1808;1808;1808;598;600;600;590;591;600;591;591;1817;1808;1808;1817;1808;1817;1076;84;s11000001110001111100000000111111t;
50;9801;1808;1817;600;590;590;600;600;1813;1817;1808;591;600;591;1812;1817;1817;1808;1817;600;590;591;590;600;599;591;599;1817;1808;1817;1817;1808;1817;1066;85;s11000001110001111100000000111111t;
50;9799;1807;1817;600;590;590;591;600;1808;1817;1815;590;591;591;1807;1808;1817;1807;1808;600;591;591;591;600;600;591;598;1817;1817;1817;1808;1811;1817;1067;86;s11000001110001111100000000111111t;
50;9808;1808;1817;599;600;591;591;600;1808;1808;1817;591;590;599;1816;1807;1816;1807;1808;600;590;591;590;599;590;600;590;1816;1822;1807;1808;1808;1807;1085;87;s11000001110001111100000000111111t;
50;9800;1817;1808;600;591;600;600;600;1816;1817;1817;600;590;600;1807;1806;1807;1808;1808;591;590;600;599;600;590;591;599;1808;1808;1817;1808;1808;1817;1076;88;s11000001110001111100000000111111t;
50;9801;1817;1812;591;545;600;599;590;1808;1817;1808;600;600;591;1807;1808;1808;1809;1816;591;591;591;622;600;591;600;595;1807;1816;1816;1807;1815;1817;1076;89;s11000001110001111100000000111111t;
50;9804;1810;1811;594;595;594;594;604;1808;1820;1812;594;594;594;1811;1811;1820;1812;1816;603;594;595;594;594;585;594;594;1811;1812;1811;1812;1820;1811;1079;90;s11000001110001111100000000111111t;
50;9796;1817;1808;554;600;591;591;591;1817;1808;1813;591;600;591;1830;1818;1808;1809;1808;590;600;599;590;591;591;601;599;1817;1817;1808;1817;1817;1808;1076;91;s11000001110001111100000000111111t;
50;9801;1826;1817;591;599;600;590;600;1817;1817;1817;591;634;591;1808;1808;1808;1817;1807;591;600;591;591;590;600;599;591;1807;1817;1808;1808;1808;1808;1076;92;s11000001110001111100000000111111t;
50;9812;1811;1818;594;603;585;595;604;1811;1820;1811;594;586;586;1821;1811;1808;1820;1286;594;603;594;594;594;594;594;586;1811;1820;1811;1812;1817;1811;1079;93;s11000001110001111e00000000111111t;
50;9795;1812;1802;594;594;594;594;595;1820;1819;1811;594;594;585;1811;1820;1811;1811;1812;585;594;594;595;585;593;594;594;1811;1811;1811;1811;1820;1811;1079;94;s11000001110001111100000000111111t;
50;9805;1817;1817;591;600;591;591;600;1808;1808;1818;588;591;591;1817;1173;1818;1808;1817;591;601;591;601;591;600;585;591;1819;1808;1817;1817;1804;1811;1075;95;s11000001110001e11100000000111111t;
50;9809;1807;1816;590;591;590;600;599;1808;1817;1820;591;591;600;1814;1808;1817;1808;1818;591;600;591;591;591;601;591;591;1808;1808;1805;1817;1808;1817;1076;96;s11000001110001111100000000111111t;
50;9809;1816;1808;600;590;600;590;591;1816;1807;1816;599;591;590;1817;1807;1815;1817;1807;591;600;600;582;591;590;600;599;1817;1817;1817;1814;1817;1817;1076;97;s11000001110001111100000000111111t;
50;9800;1826;1817;588;590;600;590;599;1817;1817;1808;600;591;600;1818;1808;1808;1817;1808;591;600;600;591;591;600;600;591;1808;1810;1808;1817;1808;1805;1085;98;s11000001110001111100000000111111t;
50;9800;297;1816;1807;599;591;600;590;591;1808;1808;1817;591;590;591;1780;1807;1817;1808;1808;590;597;590;600;591;599;590;591;1817;1798;1808;1817;1808;1816;99;se11000001110001111100000000111111;
150;9793;297;1808;1817;655;591;591;591;591;1807;1817;1808;600;600;591;1808;1808;1808;1808;1817;592;600;600;594;591;591;600;601;1809;1808;1808;1807;1817;1817;0;se11e00001110001111100000000111111;
150;9794;1817;1817;591;600;600;591;591;1808;1817;1815;591;600;591;1816;1817;1808;1817;1817;591;599;600;599;591;600;600;581;1816;1816;1807;1817;1817;1808;1085;1;s11000001110001111100000000111111t;
150;9598;1808;1817;591;600;591;600;646;1818;1817;1808;591;655;604;1808;1808;1808;1808;1818;591;591;591;600;600;591;591;600;1817;1810;1817;1817;1814;1817;1075;2;s11000001110e01111100000000111111t;
150;9801;1816;1816;590;591;590;600;599;1808;1817;1808;600;599;600;1816;1815;1816;1816;1816;600;591;591;600;600;591;591;600;1817;1808;1817;1817;1807;1817;1076;3;s11000001110001111100000000111111t;
150;9801;1817;1810;600;591;600;591;600;1748;1817;1808;590;600;600;1816;1817;1817;1812;1817;646;655;591;600;600;600;591;600;1817;1808;1816;1817;1814;1817;1066;4;s1100000111000111110e000000111111t;
150;9801;1817;1817;591;591;649;591;591;1808;1817;1808;600;591;600;1808;1817;1817;1808;1815;600;591;600;591;601;591;594;600;1817;1817;1817;1817;1817;1817;1075;5;s11000001110001111100000000111111t;
150;9809;1808;1817;600;591;591;600;646;1814;1817;1817;600;591;591;1817;1808;1817;1819;1817;590;599;590;591;590;600;600;590;1817;1826;1807;1807;1808;1808;1085;6;s11000001110001111100000000111111t;
150;9800;1807;1816;590;600;599;600;590;1808;1817;1817;591;599;600;1807;1816;1817;1808;1816;600;600;591;600;600;591;600;591;1817;1808;1817;1817;1808;1817;1076;7;s11000001110001111100000000111111t;
150;9806;1813;1819;600;591;600;591;600;1808;1808;1816;591;596;600;1817;1817;1817;1821;1808;600;600;600;590;591;600;600;599;1816;1817;1808;1817;1817;1817;1084;8;s11000001110001111100000000111111t;
150;9809;508;1820;1808;600;600;596;590;590;1817;1817;1808;600;591;590;1934;1808;1808;1817;1808;591;600;600;590;591;591;600;591;1817;1808;1805;1817;1817;1808;9;se1100000111000e111100000000111111;
150;9795;1812;1802;594;601;604;604;594;1811;1820;1811;594;594;585;1820;1820;1820;1811;1819;649;595;603;603;649;594;594;604;1811;1820;1820;1812;1811;1811;1080;10;s11000001110001111100000000111111t;
150;9807;1817;1824;591;600;600;600;591;1817;1808;1808;600;600;590;1808;1826;1808;1807;1817;655;600;599;600;590;591;600;600;1816;1817;1817;1817;2000;1808;1048;11;s110000011100011111e00000001111e1t;
150;9803;1811;1811;604;604;649;594;594;1820;1811;1811;595;594;594;1812;1811;1820;1822;1811;603;603;594;595;603;603;603;641;1818;1820;1812;1811;1802;1820;1088;12;s11000001110001111100000000111111t;
150;9798;2008;1817;600;591;600;601;591;1808;1817;1808;600;601;600;1809;1817;1818;1817;2285;664;600;591;600;600;600;593;599;1817;1808;1819;1807;1817;1817;1076;13;se1000001110001111ee0000000111111t;
150;9809;1815;1807;599;591;599;591;590;1817;1817;1817;600;599;591;1808;1817;1815;1817;1826;591;591;600;600;591;591;600;600;1817;1817;1816;1832;1817;1817;1076;14;s11000001110001111100000000111111t;
150;9804;1821;1811;595;603;594;594;595;1812;1818;1820;604;594;649;1812;1802;1821;1820;1811;595;594;603;594;594;594;598;603;1811;1894;1812;1811;1812;1811;1079;15;s110000011100011111000000001e1111t;
150;9803;1811;1811;603;604;603;594;594;1821;1820;1811;595;595;594;1817;1820;1811;1821;1820;594;594;603;604;594;594;649;604;1811;1811;1820;1811;1811;1811;1079;16;s11000001110001111100000000111111t;
150;9801;1818;1818;591;600;600;591;591;1818;1808;1817;600;601;591;1817;1817;1808;1818;1821;591;600;600;600;591;600;591;601;1808;1808;1817;1813;1810;1807;1076;17;s11000001110001111100000000111111t;
150;9808;1817;1816;600;599;591;599;600;1817;1817;1817;600;590;591;1816;1807;1808;1819;1817;601;591;591;600;600;600;600;600;1817;1826;1808;1817;1808;1806;1085;18;s11000001110001111100000000111111t;
150;9809;1817;1816;591;600;600;598;600;1816;1817;1817;600;600;591;1807;1816;1807;1807;1817;589;600;600;600;591;591;600;599;1817;1817;1826;1817;1817;1808;1076;19;s11000001110001111100000000111111t;
150;9797;1817;1817;600;591;590;600;600;1816;1808;1817;591;600;600;1817;1817;1823;1817;1818;601;591;600;591;591;600;592;596;1817;1808;1816;1817;1817;1817;1075;20;s11000001110001111100000000111111t;
150;9801;1817;1817;591;599;591;599;591;1807;1816;1804;591;600;600;1807;1817;1817;1817;1817;590;590;591;600;600;590;591;599;1817;1808;1817;1817;1817;1817;1076;21;s11000001110001111100000000111111t;
150;9808;1817;1816;600;590;590;591;600;1817;1808;1817;600;600;599;1817;1826;1807;1817;1808;645;600;600;591;591;600;600;591;1817;1809;1808;1808;1817;1808;1085;22;s11000001110001111100000000111111t;
150;9810;1817;1817;599;590;600;590;600;1817;1817;1817;600;591;591;1817;1815;1817;1817;1808;600;590;600;590;591;599;600;599;1808;1817;1808;1816;1817;1817;1076;23;s11000001110001111100000000111111t;
150;9800;1807;1825;591;590;600;645;591;1817;1817;1808;590;600;599;1826;1817;1817;1816;1817;600;591;591;600;600;591;591;600;1817;1817;1817;1808;1817;1817;1076;24;s11000001110001111100000000111111t;
150;9667;1816;1807;645;655;606;591;600;1817;1808;1817;600;599;590;1807;1825;1807;1816;1816;590;600;599;600;590;600;599;600;1812;1817;1817;1808;1817;1808;1085;25;s110e0001110001111100000000111111t;
150;9801;1808;1817;591;600;591;600;600;1815;1817;1808;600;600;591;1812;1817;1817;1808;1817;599;600;591;589;600;600;591;599;1817;1817;1817;1817;1817;1817;1066;26;s11000001110001111100000000111111t;
150;9808;1816;1817;591;600;600;591;591;1817;1817;1806;600;600;591;1808;1817;1807;1808;1817;590;600;591;600;591;600;591;600;1808;1808;1817;1808;1808;1817;1076;27;s11000001110001111100000000111111t;
150;9812;1817;1814;600;600;591;600;600;1826;1834;1817;599;590;600;1817;1817;1813;1817;1808;600;600;600;591;600;600;655;591;1807;1824;1808;1808;1816;1808;1085;28;s110000011100011111000000e0111111t;
150;9800;1808;1816;591;600;600;600;591;1816;1817;1807;599;600;599;1817;1816;1817;1817;1817;600;600;590;600;600;591;599;591;1825;1816;1814;1817;1817;1817;1076;29;s11000001110001111100000000111111t;
150;9800;1817;1809;601;591;655;646;655;1817;1826;1811;601;591;600;1808;1810;1817;1817;1817;591;591;601;600;600;591;601;592;1808;1808;1817;1808;1815;1817;1076;30;s1100e0e1110001111100000000111111t;
150;9809;1826;889;591;591;600;599;591;1816;1816;1816;590;600;590;1817;1817;1808;1817;1816;600;591;600;600;590;600;590;600;1807;1817;1817;1817;1817;1807;1083;31;s1e000001110001111100000000111111t;
150;9795;1820;1821;594;594;594;603;594;1811;1820;1811;640;594;603;1812;1820;1811;1811;1822;585;594;594;594;595;585;594;595;1765;1829;1821;1811;1811;1811;1079;32;s11000001110001111100000000111111t;
150;9802;1817;1808;600;599;591;599;591;1817;1807;1808;600;590;600;1817;1817;1817;1816;1817;590;600;600;600;590;591;600;600;1814;1817;1807;1817;1817;1817;1076;33;s11000001110001111100000000111111t;
150;9807;1817;1817;591;591;604;600;591;1808;1817;1808;600;590;600;1855;1817;1817;1219;1808;600;591;600;591;600;646;600;591;1827;1808;1809;1818;1818;1817;1030;34;s1100000111000111e100000000111111t;
150;9812;1820;1811;595;592;594;594;595;1812;1821;1811;594;594;603;1812;1820;1811;1813;1812;594;594;594;594;603;594;594;594;1820;1811;1820;1811;1813;1811;1070;35;s11000001110001111100000000111111t;
150;9801;1808;1808;590;600;599;600;591;1817;1817;1808;600;599;600;1816;1816;1816;1817;1817;591;591;600;600;600;591;600;591;1817;1808;1817;1818;1817;1817;1077;36;s11000001110001111100000000111111t;
150;9808;1817;1826;590;600;600;600;590;1806;1825;1817;591;600;590;1807;1817;1807;1816;1816;590;600;599;600;590;596;591;599;1808;1808;1817;1808;1807;1816;1075;37;s11000001110001111100000000111111t;
150;9805;1817;1808;600;590;654;591;600;1817;1817;1817;598;590;590;1817;1753;1808;1817;1808;591;600;601;591;601;591;601;600;1816;1818;1807;1817;1817;1817;1076;38;s1100e001110001111100000000111111t;
150;9800;1817;1817;600;591;590;591;600;1817;1817;1817;600;591;590;1816;1817;1817;1817;1817;591;600;610;600;591;600;600;600;1808;1817;1815;1808;1817;1808;1085;39;s11000001110001111100000000111111t;
150;9805;1820;1808;600;591;600;599;600;1817;1817;1816;591;600;591;1810;1817;1806;1808;1817;591;591;600;591;600;591;600;591;1808;1808;1823;1806;1817;1817;1074;40;s11000001110001111100000000111111t;
150;9809;1808;1817;598;609;591;591;600;1808;1817;1817;591;591;600;1817;1807;1817;1817;1809;599;600;591;590;600;600;599;600;1817;1816;1817;1816;1817;1817;1075;41;s11000001110001111100000000111111t;
150;9800;1817;1817;600;590;591;599;600;1807;1817;1808;600;591;600;1808;1808;1817;1808;1817;600;599;591;590;600;600;591;590;1817;1808;1817;1817;1808;1817;1076;42;s11000001110001111100000000111111t;
150;9804;1811;1811;594;594;594;594;594;1802;1820;1821;595;594;594;1810;1812;1820;1820;1812;594;594;595;594;594;594;594;594;1819;1820;1811;1811;1820;1811;1088;43;s11000001110001111100000000111111t;
150;9804;1807;1808;600;600;590;591;600;1817;1808;1817;600;591;591;1816;1808;1808;1816;1805;591;590;599;591;590;599;590;600;1807;1824;1808;1808;1822;1817;1076;44;s11000001110001111100000000111111t;
150;9804;1811;1811;595;594;594;594;594;1805;1812;1820;585;594;594;1820;1811;1811;1816;1811;594;604;603;594;594;594;604;594;1811;1811;1811;1820;1821;1810;1079;45;s11000001110001111100000000111111t;
150;9806;1812;1820;585;594;603;603;585;1811;1821;1811;594;594;649;1811;1821;1820;1811;1811;594;594;594;595;603;585;594;604;1820;1812;1811;1812;1820;1820;1089;46;s11000001110001111100000000111111t;
150;9801;1805;1808;600;591;600;591;600;1808;1819;1817;591;597;591;1816;1807;1808;1817;1808;600;599;591;599;591;600;600;588;1816;1816;1807;1816;1817;1807;1085;47;s11000001110001111100000000111111t;
150;9801;1808;1817;591;601;591;600;591;1817;1817;1817;591;600;598;1817;1817;1826;1808;1817;600;591;591;600;600;591;591;600;1817;1816;1817;1816;1817;1817;1076;48;s11000001110001111100000000111111t;
150;9800;1817;1826;591;590;600;599;600;1817;1817;1817;645;600;600;1817;1815;1808;1817;1817;591;591;591;600;600;591;655;600;1817;1817;1817;1806;1808;1817;1076;49;s110000011100011111000000e0111111t;
150;9794;1820;1811;594;595;610;585;595;1821;1820;1811;595;603;594;1810;1820;1811;1811;1811;585;595;594;594;594;595;595;594;1811;1812;1820;1811;1820;1820;1079;50;s11000001110001111100000000111111t;
150;9805;1817;1808;591;600;600;591;600;1815;1808;1817;601;600;591;1817;1818;1817;1817;1826;591;600;600;607;591;601;600;601;1808;1808;1818;1808;1814;1820;1076;51;s11000001110001111100000000111111t;
150;9801;1816;1817;591;591;591;600;600;1807;1817;1806;590;600;599;1817;1817;1826;1808;1808;600;591;591;591;600;600;591;591;1817;1808;1818;1817;1817;1817;1076;52;s11000001110001111100000000111111t;
150;9796;1817;1808;656;591;655;600;545;1816;1818;1811;600;600;590;1817;1817;1808;1817;1817;600;590;591;599;600;600;600;591;1807;1816;1817;1817;1817;1817;1076;53;s11e0e001110001111100000000111111t;
150;9802;1808;1817;591;600;600;600;591;1817;1817;1808;600;591;655;1806;1824;1808;1808;1817;591;600;591;600;601;591;591;591;1817;1817;1848;1807;1808;1817;1076;54;s110000011100e1111100000000111111t;
150;9800;1808;1806;654;599;591;590;646;1826;1807;1817;600;590;600;1817;1808;1817;1817;1808;600;590;600;590;600;590;600;600;1816;1817;1808;1817;1814;1808;1085;55;s11e00001110001111100000000111111t;
150;9800;1813;1808;600;599;600;600;591;1808;1816;1808;600;600;600;1807;1807;1821;1817;1816;600;590;591;600;594;591;600;600;1826;1817;1817;1808;1808;1817;1074;56;s11000001110001111100000000111111t;
150;9803;1817;1826;591;591;600;600;600;1809;1817;1816;600;591;600;1808;1808;1817;1813;1817;600;590;656;600;599;600;654;590;1817;1808;1808;1817;1807;1816;1076;57;s11000001110001111100e000e0111111t;
150;9802;1816;1808;600;600;591;591;600;1817;1814;1818;600;591;591;1927;1817;1808;1817;1817;600;591;600;591;591;591;600;609;1808;1808;1808;1811;2314;1808;1076;58;s1100000111000e1111000000001111e1t;
150;9803;1817;1803;590;600;599;591;591;1817;1826;1817;591;600;590;1807;1816;1807;1807;1816;590;600;645;645;595;599;600;591;1825;1808;1817;1808;1817;1817;1076;59;s11000001110001111100000000111111t;
150;9809;1817;1817;590;600;600;600;591;1817;1808;1808;600;600;591;1814;1816;1816;1816;1816;599;591;590;600;590;600;599;591;1807;1807;1824;1816;1817;1826;1075;60;s11000001110001111100000000111111t;
150;9800;1810;1816;591;600;600;603;600;1817;1817;1817;591;600;600;1817;1817;1810;1808;1817;591;600;591;600;600;600;591;590;1817;1808;1817;1808;1808;1817;1075;61;s11000001110001111100000000111111t;
150;9794;1812;1811;594;594;594;594;601;1810;1811;1820;594;594;594;1811;1820;1821;1811;1812;594;601;585;594;594;649;594;594;1821;1820;1811;1811;1811;1821;1384;62;s11000001110001111100000000111111e;
150;9812;1811;1821;603;604;594;594;603;1811;1811;1812;584;585;595;1821;1811;1811;1811;1820;604;603;603;594;604;603;603;594;1808;1811;1820;1821;1820;1811;1080;63;s11000001110001111100000000111111t;
150;9801;1818;1816;591;600;600;600;591;1867;1815;1817;591;599;600;1819;1808;1817;1808;1807;599;600;590;600;590;600;591;591;1817;1816;1810;1818;1809;1817;1076;64;s1100000e110001111100000000111111t;
150;9810;1815;1817;600;600;600;591;600;1817;1817;1817;600;592;600;1817;1823;1817;1817;1808;600;591;600;600;591;591;590;600;1807;1817;1835;1814;1817;1819;1075;65;s11000001110001111100000000111111t;
150;9801;1808;1817;599;590;600;590;600;1808;1807;1817;591;600;591;1817;1807;1808;1816;1808;600;600;600;591;591;600;600;591;1808;1817;1808;1818;1817;1817;1076;66;s11000001110001111100000000111111t;
150;9796;1812;1811;594;594;594;594;594;1802;1811;1820;595;595;594;1816;1812;1811;1811;1812;594;594;594;595;593;594;594;585;1821;1820;1811;1811;1820;1812;1088;67;s11000001110001111100000000111111t;
150;9809;1817;1809;601;601;592;591;600;1827;1808;1815;601;601;592;1818;1808;1817;1818;1817;591;600;591;591;601;592;601;591;1817;1808;1814;1817;1814;1833;1075;68;s11000001110001111100000000111111t;
150;9809;1807;1817;599;609;591;655;600;1817;1817;1817;600;591;591;1817;1808;1808;1817;1808;601;600;601;591;601;591;600;591;1817;1815;1817;1817;1817;1808;1076;69;s11000e01110001111100000000111111t;
150;9801;1808;1817;591;600;600;600;591;1816;1817;1808;600;599;600;1816;1815;1807;1816;1816;590;600;590;600;599;591;599;600;1826;1817;1816;1816;1817;1816;1076;70;s11000001110001111100000000111111t;
150;9801;1826;1816;591;600;591;655;591;1818;1814;1817;600;591;601;1817;1817;1808;1819;1808;591;600;601;600;591;600;591;600;1807;1817;1817;1807;1817;1808;1076;71;s11000e01110001111100000000111111t;
150;9802;297;1816;1817;590;591;590;600;590;1807;1817;1808;591;591;599;1807;1808;1817;1808;1817;591;590;591;591;599;600;591;600;1807;1808;1807;1817;1808;1808;72;se11000001110001111100000000111111;
150;9797;1807;1808;599;600;590;600;590;1825;1816;1817;599;591;590;1817;1808;1816;1807;1807;600;600;599;599;590;600;590;600;1816;1817;1817;1817;1817;1818;1086;73;s11000001110001111100000000111111t;
150;9803;1818;1817;591;600;600;591;591;1818;1810;1819;600;600;590;1817;1817;1816;1817;1826;591;591;600;600;600;590;591;599;1808;1808;1817;1808;1807;1817;1076;74;s11000001110001111100000000111111t;
150;9801;1808;1817;600;591;655;600;600;1817;1817;1826;591;600;599;1817;1817;1817;1817;1817;591;600;591;600;591;600;655;591;1817;1814;1808;1817;1808;1817;1085;75;s1100e0011100011111000000e0111111t;
150;9805;1817;1808;591;590;600;599;591;1816;1816;1816;599;600;590;1826;1816;1817;1816;1817;591;600;591;600;600;599;590;590;1817;1807;1808;1817;1808;1817;1076;76;s11000001110001111100000000111111t;
150;9803;1811;1811;594;594;596;594;594;1811;1820;1811;595;603;603;1811;1812;1811;1802;1813;594;594;594;594;594;594;585;595;1820;1821;1811;1821;1815;1811;1078;77;s11000001110001111100000000111111t;
150;9807;1826;1817;645;600;554;591;590;1824;1808;1812;645;600;591;1817;1826;1817;1817;1826;591;590;600;591;591;591;600;591;1808;1808;1817;1808;1808;1817;1076;78;s11000001110001111100000000111111t;
150;9805;1817;1816;591;600;591;600;591;1820;1808;1817;600;590;600;1816;1816;1816;1817;1816;600;591;600;591;599;600;598;600;1807;1807;1826;1816;1817;1816;1075;79;s11000001110001111100000000111111t;
150;9803;1808;1817;591;600;591;885;591;1818;1817;1808;591;597;600;1808;1808;1817;1808;1816;600;609;591;591;600;600;591;592;1817;1817;1807;1815;1808;1817;1084;80;s11000e01110001111100000000111111t;
150;9809;1807;1817;591;600;646;600;600;1817;1817;1807;600;591;600;1808;1809;1817;1817;1808;601;591;592;591;600;601;591;591;1817;1817;1816;1817;1826;1812;1075;81;s11000001110001111100000000111111t;
150;9810;1817;1808;600;600;599;590;599;1816;1808;1817;600;591;591;1817;1817;1815;943;1817;591;600;591;600;591;600;591;600;1808;1817;1817;1817;1818;1826;1076;82;s1100000111000111e100000000111111t;
150;9795;1811;1811;594;594;595;595;594;1811;1820;1821;594;594;594;1812;1820;1820;1812;1811;595;658;593;595;594;594;585;594;1821;1811;1811;1811;1811;1821;1079;83;s1100000111000111110e000000111111t;
150;9803;1811;1811;594;604;366;603;594;1811;1811;1811;603;604;603;1816;1820;1826;1811;1820;604;594;594;594;603;595;594;594;1818;1811;1821;1820;1811;1812;1070;84;s1100e001110001111100000000111111t;
150;9800;1816;1826;655;591;600;646;591;1807;1817;1808;590;600;591;1806;1808;1817;1808;1817;601;591;591;600;591;600;591;600;1817;1808;1815;1817;1807;1808;1085;85;s11e00001110001111100000000111111t;
150;9801;1815;1812;600;600;590;600;591;1817;1808;1807;600;591;591;1817;1826;1816;1817;1827;591;600;600;600;591;591;600;600;1817;1818;1817;1818;1808;1808;1076;86;s11000001110001111100000000111111t;
150;9809;1826;1817;591;655;591;591;646;1812;1808;1817;600;590;600;1816;1816;1816;1816;1808;600;599;591;599;591;599;600;590;1817;1817;1826;1817;1789;1779;1048;87;s110e0001110001111100000000111111t;
150;9801;1817;1808;600;591;600;591;593;1808;1808;1808;600;591;591;1808;1817;1808;1817;1807;591;589;600;600;591;591;600;600;1808;1817;1816;1808;1817;1808;1076;88;s11000001110001111100000000111111t;
150;9802;1811;1811;595;594;594;594;594;1812;1802;1821;604;595;594;1811;1802;1811;1821;1811;594;594;603;595;594;594;594;604;1810;1811;1811;1811;1811;1811;1079;89;s11000001110001111100000000111111t;
150;9846;1817;1817;600;591;590;599;600;1817;1817;1817;591;591;481;1809;1807;1808;1808;1817;599;590;591;600;600;590;591;590;1817;1808;1808;1817;1813;1817;1067;90;s110000011100e1111100000000111111t;
150;9800;1825;1808;591;599;600;590;591;1817;1807;1808;591;600;591;1817;1817;1808;1808;1807;591;600;591;600;591;600;590;600;1807;1808;1817;1806;1808;1808;1076;91;s11000001110001111100000000111111t;
150;9806;1817;1817;599;591;590;600;590;1817;1817;1808;600;600;590;1807;1808;1810;1811;1817;600;599;591;590;600;590;600;590;1817;1816;1817;1808;1809;1818;1076;92;s11000001110001111100000000111111t;
150;9804;1811;1811;595;603;594;594;594;1802;1811;1811;604;594;594;1811;1802;1820;1820;1812;594;594;604;594;592;595;595;585;1820;1821;1811;1811;1819;1811;1080;93;s11000001110001111100000000111111t;
150;9804;1817;1817;591;591;600;600;591;1808;1808;1812;610;600;599;1808;1817;1817;1808;1817;600;591;594;590;600;591;600;674;1817;1808;1808;1817;1808;1817;1075;94;s1100000111000111110000000e111111t;
150;9800;1811;1802;594;594;595;585;585;2043;1808;1811;594;567;585;1820;1821;1811;1811;1802;585;594;594;594;585;594;594;594;1802;1820;1821;1810;1820;1812;1079;95;s1100000e110001111100000000111111t;
150;9812;1793;1811;595;585;585;594;603;1811;1783;1811;585;594;594;1811;1811;1812;1811;1811;594;594;585;585;594;595;594;585;1820;1821;1811;1811;1802;1811;1089;96;s11000001110001111100000000111111t;
150;9811;1810;1811;594;603;594;595;595;1802;1811;1819;603;624;594;1813;1812;1812;1820;2047;594;595;594;585;594;594;594;594;1812;1811;1802;1820;1820;1812;1079;97;s11000001110001111e00000000111111t;
150;9803;1811;1820;594;594;594;604;603;1811;1812;1802;594;594;594;1803;1820;1820;1811;1811;594;585;594;595;595;594;585;594;1820;1811;1812;1821;1811;1811;1080;98;s11000001110001111100000000111111t;
150;9800;1817;1806;591;600;591;591;591;1817;1808;1817;600;582;591;1781;1817;1808;1808;1808;590;599;600;600;590;600;600;600;1807;1808;1817;1807;1806;1817;1076;99;s11000001110001111100000000111111t;
300;9797;1817;1818;601;591;600;600;591;1781;1797;1815;590;599;600;1817;1789;1652;1784;1789;563;591;600;600;591;592;600;600;1826;1780;1780;1789;1780;1790;1049;0;s11000001110001111100000000111111t;
300;9801;1817;1808;590;599;600;591;590;1816;1817;1808;596;600;590;1817;1817;1808;1817;1808;591;591;591;591;600;591;591;600;1805;1804;1808;1808;1808;1817;1076;1;s11000001110001111100000000111111t;
300;9809;1808;1817;600;600;591;590;600;1816;1807;1816;600;591;600;1816;1808;1817;1817;1817;591;600;600;591;591;601;600;591;1808;1817;1808;1808;1818;1808;1085;2;s11000001110001111100000000111111t;
300;9800;1820;1817;596;599;591;599;600;1807;1816;1807;590;600;590;1817;1808;1815;1808;1807;591;600;591;591;600;591;591;590;1816;1817;1816;1815;1808;1817;1076;3;s11000001110001111100000000111111t;
300;9803;1817;1817;597;590;600;590;600;1817;1817;1817;591;600;591;1817;1817;1817;1815;1817;591;594;600;600;600;590;591;599;1808;1817;1817;1808;1817;1815;1075;4;s11000001110001111100000000111111t;
300;9800;1817;1817;590;591;591;564;600;1807;1816;1808;591;601;591;1808;1808;1817;1808;1817;592;600;591;591;591;600;582;591;1818;1808;1808;1817;1808;1818;1066;5;s11000001110001111100000000111111t;
300;9800;1817;1807;591;599;600;590;591;1816;1805;1816;590;600;590;1817;1817;1808;1817;1817;591;599;591;590;590;590;600;599;1808;1817;1817;1817;1817;1814;1066;6;s11000001110001111100000000111111t;
300;9808;1817;1807;591;591;600;600;591;1817;1808;1814;591;600;600;1807;1817;1807;1807;1816;590;600;590;591;599;591;599;599;1817;1817;1817;1808;1817;1816;1075;7;s11000001110001111100000000111111t;
300;9809;1817;1807;591;590;599;600;591;1807;1817;1810;600;591;600;1808;1817;1808;1808;1816;600;591;591;600;600;591;591;591;1817;1805;1808;1808;1804;1808;1075;8;s11000001110001111100000000111111t;
300;9808;1808;1817;600;590;591;590;600;1816;1807;1816;600;591;590;1817;1816;1817;1816;1817;591;591;600;591;591;591;600;600;1817;1817;1807;1814;1817;1808;1076;9;s11000001110001111100000000111111t;
300;9807;1808;1808;600;600;591;591;600;1813;1807;1808;600;599;591;1816;1816;1816;1815;1807;590;600;590;600;590;600;599;591;1807;1816;1816;1816;1817;1817;1076;10;s11000001110001111100000000111111t;
300;9803;1817;1817;591;600;595;601;591;1817;1808;1817;600;591;591;1817;1993;1808;1817;1807;612;591;600;600;600;591;591;595;1808;1807;1816;1816;1816;1807;1075;11;s11000001110001e11100000000111111t;
300;9800;1807;1807;591;590;600;599;590;1816;1817;1817;600;591;600;1808;1816;1808;1808;1817;600;591;591;598;600;590;590;590;1817;1808;1817;1808;1808;1817;1076;12;s11000001110001111100000000111111t;
300;9799;2239;1812;594;585;595;595;594;1802;1821;1820;594;594;594;1820;1811;1811;1811;1811;594;595;585;594;594;594;594;585;1812;1819;1811;1811;1811;1811;1079;13;se1000001110001111100000000111111t;
300;9801;1817;1819;582;590;591;600;600;1808;1808;2178;597;591;591;1808;1807;1817;1808;1808;600;591;591;591;600;600;591;591;1817;1808;1805;1817;1808;1808;1075;14;s110000011e0001111100000000111111t;
300;9800;1808;1815;600;591;600;591;600;1808;1817;1816;591;591;591;1808;1808;1817;1944;1808;600;600;591;590;599;600;590;590;1808;1817;1808;1817;1807;1808;1076;15;s1100000111000111e100000000111111t;
300;9800;1817;1808;591;600;600;564;591;1808;1816;1808;600;591;600;1807;1808;1808;1807;1806;599;591;599;600;599;590;590;600;1817;1807;1816;1807;1807;1816;1074;16;s11000001110001111100000000111111t;
300;9794;1811;1812;603;595;594;594;594;1811;1811;1820;585;592;595;1820;1809;1811;1811;1812;594;603;604;594;594;603;604;585;1809;1821;1817;1811;1811;1954;1076;17;s1100000111000111110000000011111et;
300;9792;1808;1807;591;591;600;591;600;1808;1817;1808;591;592;591;1805;1808;1817;1808;1817;600;601;591;600;591;591;600;591;1808;1817;1815;1817;1817;1799;1076;18;s11000001110001111100000000111111t;
300;9800;1817;1808;591;599;600;590;591;1807;1807;1807;600;600;590;1817;1817;1815;1817;1817;600;591;600;599;590;590;590;600;1807;1817;1817;1807;1815;1817;1067;19;s11000001110001111100000000111111t;
300;9800;297;1822;1807;599;590;600;591;591;1808;1808;1808;600;600;591;1807;1817;1808;1817;1816;590;591;591;590;591;591;591;600;1799;1808;1817;1808;1817;1817;20;se11000001110001111100000000111111;
300;9793;1817;1808;591;591;600;600;591;1817;1818;1818;591;600;600;1836;1818;1817;1808;1807;591;600;591;600;591;600;599;590;1816;1510;1808;1808;1808;1807;1085;21;s110000011100011111000000001e1111t;
300;9801;1826;1817;591;590;600;590;600;1817;1815;1817;591;600;592;1817;1817;1808;1808;1817;591;591;600;592;600;588;600;592;1817;1808;1817;1808;1818;1817;1067;22;s11000001110001111100000000111111t;
300;9811;1811;1811;594;594;594;594;594;1820;1811;1811;603;594;594;1809;1806;1811;1821;1811;594;594;603;595;594;594;603;603;1811;1811;1809;1811;1811;1802;1080;23;s11000001110001111100000000111111t;
300;9800;297;1810;1817;582;591;590;591;600;1817;1808;1808;590;591;600;1799;1808;1815;1807;1817;590;591;591;591;590;600;600;590;1807;1817;1809;1814;1821;1808;24;se11000001110001111100000000111111;
300;9792;1817;1817;590;590;600;599;591;1807;1816;1807;590;600;600;1808;1817;1817;1807;1807;600;600;591;591;601;591;591;591;1817;1808;1817;1808;1808;1806;1085;25;s11000001110001111100000000111111t;
300;9800;1817;1817;605;591;600;600;591;1815;1812;1808;591;599;600;1816;1816;1807;1816;1817;600;572;590;590;600;590;600;591;1817;1807;1817;1826;1813;1817;1067;26;s11000001110001111100000000111111t;
300;9801;1817;1808;600;591;601;271;591;1817;1810;1808;591;600;585;1810;1817;1808;1816;1817;600;591;591;600;596;582;590;591;1818;1808;1817;1817;1808;1817;1076;27;s11000e01110001111100000000111111t;
300;9801;297;1816;1807;581;591;591;599;590;1808;1817;1811;591;600;590;1808;1808;1817;1807;1808;590;600;591;591;599;591;591;608;1817;1808;1808;1808;1808;1807;28;se11000001110001111100000000111111;
300;9788;1815;1808;591;591;600;591;591;1817;1808;1929;605;591;600;1816;1817;1808;1808;1817;600;600;600;590;593;599;591;590;1808;1808;1807;1807;1808;1808;1076;29;s110000011e0001111100000000111111t;
300;9809;1817;1807;600;591;600;591;600;1817;1808;1808;591;600;591;1817;1814;1808;1817;1816;590;591;590;600;590;600;590;591;1807;1807;1808;1816;1817;1817;1075;30;s11000001110001111100000000111111t;
300;9806;1817;1810;591;600;600;591;591;2235;1823;1817;600;600;591;1826;1808;1808;1815;1817;591;591;408;600;591;591;591;600;1808;1817;1817;1808;1817;1817;1076;31;s1100000e110001111100e00000111111t;
300;9799;1808;1817;591;600;591;591;600;1808;1817;1808;590;600;591;1807;1808;1514;1808;1808;600;591;591;591;600;591;591;591;1817;1805;1808;1817;1808;1817;285;32;s110000011100011e1100000000111111e;
300;9798;1817;1817;591;591;600;600;591;1815;1817;1817;591;600;600;1807;1817;1807;1817;1817;600;591;591;589;600;591;600;590;1817;1807;1817;1817;1817;1817;1067;33;s11000001110001111100000000111111t;
300;9802;1817;1808;591;591;601;600;591;1817;1817;1806;600;591;600;1420;1808;1808;1808;1817;600;591;591;600;601;591;591;600;1818;1808;1808;1817;1172;1807;1085;34;s1100000111000e1111000000001111e1t;
300;9800;1808;1808;591;600;600;600;591;1808;1817;1808;600;590;586;1807;1816;1807;1807;1817;600;591;591;590;600;590;590;591;1817;1807;1808;1807;1808;1817;1075;35;s11000001110001111100000000111111t;
300;9818;1808;1808;600;601;591;591;600;1811;1808;1822;600;563;590;1817;1806;1807;1812;1808;591;600;600;591;591;591;600;591;1808;1808;767;1808;1817;1807;1075;36;s1100000111000111110000000011e111t;
300;9809;1817;1815;600;591;600;591;600;1817;1817;1808;601;600;591;1808;1817;1808;1808;1817;592;600;591;600;591;591;591;601;1808;1808;1817;1808;1814;1817;1075;37;s11000001110001111100000000111111t;
300;9807;1817;1817;600;591;591;600;600;1814;1817;1817;591;590;600;1808;1807;1817;1808;1820;591;600;591;600;591;600;591;600;1817;1807;1817;1817;1808;1808;1082;38;s11000001110001111100000000111111t;
300;9799;1813;1807;590;600;600;582;591;1816;1817;1808;591;600;600;1817;1817;1808;1808;1794;591;591;600;591;600;591;600;591;1817;1808;1808;1808;1808;1817;1076;39;s11000001110001111100000000111111t;
300;9809;1817;1808;591;590;600;600;591;1807;1817;1817;591;600;600;1808;1816;1808;1817;1817;600;591;591;600;600;591;598;591;1817;1816;1817;1807;1817;1817;1075;40;s11000001110001111100000000111111t;
300;9791;1807;1817;600;590;591;590;600;1807;1808;1817;600;590;591;1817;1808;1817;1817;1808;591;600;601;591;591;600;600;591;1806;1808;1808;1808;1818;1807;1152;41;s11000001110001111100000000111111t;
300;9803;1820;1811;594;594;594;585;595;1811;1820;1811;594;604;603;1810;1266;1816;1811;1812;603;595;595;594;603;594;595;595;1811;1812;1820;1821;1807;838;1070;42;s11000001110001e1110000000011111et;
300;9801;1808;1808;600;589;591;600;591;1811;1807;1817;600;590;591;1817;1808;1808;1816;1809;600;591;600;591;600;600;600;590;1808;1810;1808;1807;1813;1808;1075;43;s11000001110001111100000000111111t;
300;9808;1816;1816;591;591;590;600;599;1816;1816;1807;590;591;599;1808;1808;1817;1808;1807;600;600;590;591;600;600;591;591;1808;1817;1808;1817;1808;1808;1075;44;s11000001110001111100000000111111t;
300;9806;1808;1807;600;600;600;591;591;1816;1806;1807;600;590;600;1817;1807;1816;1816;1807;599;591;599;544;600;600;591;600;1835;1817;1808;1817;1817;1808;1076;45;s11000001110001111100000000111111t;
300;9803;1811;1811;594;594;585;594;594;1820;1812;1811;595;594;594;1810;1811;1806;1821;1811;594;594;603;595;595;594;603;603;1812;1811;1809;1811;1811;1812;1079;46;s11000001110001111100000000111111t;
300;9793;1820;1808;614;600;590;591;599;1808;1807;1817;591;600;591;1825;1807;1816;1807;1807;600;600;590;591;591;600;600;591;1816;1817;1807;1816;1817;1817;1075;47;s11000001110001111100000000111111t;
300;9801;1808;1807;598;573;591;591;591;1817;1808;1817;600;582;591;1808;1808;1807;1817;1806;590;590;600;600;590;591;590;600;1807;1816;1817;1808;1817;1815;1076;48;s11000001110001111100000000111111t;
300;9809;1808;1817;600;600;591;591;600;1808;1808;1817;601;593;600;1821;1811;1812;1808;1808;591;594;600;591;600;600;591;600;1808;1817;1808;1817;1817;1808;1076;49;s11000001110001111100000000111111t;
300;9804;1812;1811;595;595;594;594;594;1811;1802;1821;603;603;594;1810;1811;1802;1820;1820;595;595;594;603;594;595;595;594;1806;1812;1820;1811;1811;1811;1070;50;s11000001110001111100000000111111t;
300;9795;1812;1811;603;603;595;595;594;1811;1811;1811;594;585;594;1821;1815;1811;1811;1811;595;604;603;585;585;595;613;604;1820;1812;1811;1810;1811;1811;1079;51;s11000001110001111100000000111111t;
300;9809;1808;1808;591;600;591;591;601;1817;1817;1816;591;600;591;1817;1817;1817;1811;1817;591;600;591;600;591;600;590;591;1807;1807;1817;1808;1819;1827;1076;52;s11000001110001111100000000111111t;
300;9808;1817;1817;591;600;600;599;591;1808;1808;1808;600;600;591;1808;1817;1808;1818;1808;598;591;591;600;582;591;600;598;1808;1817;1817;1817;1817;1817;1075;53;s11000001110001111100000000111111t;
300;9803;1816;1807;590;600;600;600;590;1808;1817;1817;591;599;600;1807;1817;1826;1808;1808;600;591;591;591;600;591;591;591;1817;1817;1808;1808;1808;1808;1086;54;s11000001110001111100000000111111t;
300;9816;1808;1807;599;600;590;591;600;1817;1808;1818;599;591;590;1817;1808;1808;1817;1808;590;591;600;600;591;591;600;600;1807;1817;1816;1808;1817;1816;1076;55;s11000001110001111100000000111111t;
300;9799;1811;1811;604;594;594;594;594;1811;1829;1811;594;594;604;1811;1811;1811;1811;1811;594;603;594;595;595;603;594;594;1811;1811;1811;1811;1812;1811;1080;56;s11000001110001111100000000111111t;
300;9798;1807;1815;600;590;600;590;591;1807;1807;1816;600;591;599;1817;1808;1817;1817;1808;600;600;600;590;591;599;600;590;1808;1808;1808;1808;1816;1808;1076;57;s11000001110001111100000000111111t;
300;9809;1817;1817;590;600;591;591;600;1817;1816;1808;591;600;591;1817;1817;1817;1817;1806;590;600;590;600;590;600;590;600;1816;1817;1816;1816;1816;1816;1065;58;s11000001110001111100000000111111t;
300;9791;1816;1807;591;600;591;592;591;1816;1808;1817;591;601;591;1817;1817;1808;1808;1818;600;591;591;591;316;591;600;591;1816;1808;1808;1818;1817;1817;1076;59;s1100000111000111110000e000111111t;
300;9803;1817;1817;600;591;600;591;591;1817;1818;1817;591;600;591;1812;1816;1807;1807;1817;591;590;599;590;590;591;597;600;1808;1817;1817;1808;1808;1807;1076;60;s11000001110001111100000000111111t;
300;9798;1817;1808;601;591;601;591;591;1962;1808;1817;591;603;581;1816;1813;1804;1807;1808;591;590;600;599;591;590;591;599;1820;1816;1816;1807;1817;1817;1066;61;s1100000e110001111100000000111111t;
300;9803;1820;1820;594;594;594;604;594;1811;1811;1811;586;594;594;1811;1812;1810;1802;1820;603;594;594;604;603;603;594;594;1821;1811;1811;1820;1809;1811;1070;62;s11000001110001111100000000111111t;
300;9795;1811;1820;604;594;594;594;604;1811;1811;1811;594;594;592;1821;1812;1811;1811;1811;594;594;594;585;595;594;594;594;1802;1820;1820;1811;1811;1811;1070;63;s11000001110001111100000000111111t;
300;9809;1824;1808;591;600;591;591;600;1817;1808;1808;600;591;591;1818;1825;1814;1817;1818;591;591;600;600;591;600;591;601;1808;1817;1367;1818;1816;1816;1066;64;s1100000111000111110000000011e111t;
300;9809;297;1807;1807;598;600;591;590;600;1808;1808;1808;600;591;591;1817;1799;1807;1817;1808;591;600;591;582;591;591;600;601;1808;1817;1799;1809;1808;1806;65;se11000001110001111100000000111111;
300;9793;1817;1817;595;600;591;591;494;1807;1807;1808;590;600;590;1817;1817;1816;1808;1808;591;589;600;599;591;590;599;600;1817;1817;1817;1808;1808;1817;1076;66;s110000e1110001111100000000111111t;
300;9801;1817;1807;591;600;591;600;591;1820;1816;1808;591;600;600;1808;1808;1817;1808;1817;600;592;591;600;591;591;592;590;1827;1808;1808;1817;1808;1817;1201;67;s11000001110001111100000000111111e;
300;9793;1808;1817;590;600;591;600;600;1807;1816;1817;599;591;590;1816;1808;1808;1816;1808;600;591;600;591;600;591;600;591;1807;1816;1808;1817;1817;1808;1075;68;s11000001110001111100000000111111t;
300;9799;1817;1817;591;591;600;600;591;1817;1817;1815;591;591;600;1810;1808;1808;1807;1808;600;591;563;591;600;600;591;591;1817;1805;1808;1808;1811;1817;1076;69;s11000001110001111100000000111111t;
300;9800;1820;1817;591;591;600;591;591;1817;1807;1808;600;600;591;1817;1817;1817;1813;1817;591;590;591;599;600;590;600;590;1817;1808;1808;1807;1808;1808;1075;70;s11000001110001111100000000111111t;
300;9800;1817;1816;591;599;591;590;600;1807;1817;1817;591;590;590;1817;1808;1817;1816;1808;600;590;600;590;599;590;599;590;1808;1817;1808;1817;1817;1815;1076;71;s11000001110001111100000000111111t;
300;9803;1817;1808;600;599;600;589;591;1816;1807;1807;599;600;599;1817;1817;1815;1817;1816;589;600;591;599;591;590;600;600;1817;1808;1808;1808;1808;1818;1066;72;s11000001110001111100000000111111t;
300;9810;1807;1808;591;600;591;591;591;1817;1817;1817;590;591;591;1811;1816;1807;1808;1808;591;590;600;600;600;591;591;600;1807;1808;1817;1808;1817;1808;1076;73;s11000001110001111100000000111111t;
300;9805;1808;1817;600;591;591;591;600;1817;1816;1816;591;590;591;1817;1808;1817;1816;1808;591;591;600;600;591;591;600;573;1808;1809;1817;1808;1766;1817;1075;74;s11000001110001111100000000111111t;
300;9804;1811;1812;594;585;595;595;595;1801;1811;1820;604;594;594;1811;1810;1821;1820;1811;594;595;603;594;594;594;594;604;1811;1812;1811;1811;1812;1802;1079;75;s11000001110001111100000000111111t;
300;9811;1812;1811;594;585;592;594;604;1811;1812;1811;595;594;594;1811;1811;1811;1811;1810;594;594;595;585;594;594;594;594;1802;1820;1812;1811;1811;1802;1074;76;s11000001110001111100000000111111t;
300;9809;1988;1813;600;590;600;590;591;1818;1817;1817;591;600;599;1817;1817;1808;1817;1817;590;590;590;599;600;590;591;590;1817;1808;1808;1817;1808;1807;1076;77;se1000001110001111100000000111111t;
300;9800;1817;1818;591;591;591;591;600;1809;2027;1807;591;591;591;1817;1799;1811;1818;1808;600;600;600;591;591;573;597;591;1808;1819;1780;1807;1816;1807;1085;78;s11000001e10001111100000000111111t;
300;9792;1807;1808;600;590;600;590;591;1808;1808;1816;600;599;591;1808;1808;1807;1817;1808;590;600;590;590;590;600;591;600;1808;1817;1808;1808;1808;1808;1076;79;s11000001110001111100000000111111t;
300;9797;384;1802;1792;595;594;585;595;594;1812;1802;1811;594;585;595;1346;1802;1818;1811;1811;595;595;595;586;595;594;594;585;1811;1811;1802;1812;1810;1811;80;se1100000111000e111100000000111111;
300;9803;1820;1811;595;595;603;594;594;1811;1802;1811;594;595;585;1811;1811;1811;1811;1811;594;585;601;604;603;594;594;594;1821;1811;1811;1453;1803;1811;1070;81;s11000001110001111100000000111e11t;
300;9802;1817;1808;591;600;591;591;591;1812;1824;1817;590;600;600;1808;1817;1808;1808;1817;600;599;591;590;600;607;591;600;1817;1817;1817;1817;1817;1817;1067;82;s11000001110001111100000000111111t;
300;9803;1815;1821;594;594;594;604;594;1811;1811;1811;585;594;594;1811;1811;1818;1811;1813;603;603;594;594;592;594;601;151;1811;1821;1811;1812;1820;1812;1079;83;s1100000111000111110000000e111111t;
300;9809;1816;1817;590;591;600;591;600;1808;1816;1817;591;591;591;1808;1808;1817;1808;1809;599;600;591;591;591;600;591;591;1808;1817;1807;1817;1817;1807;1085;84;s11000001110001111100000000111111t;
300;9809;1817;1816;600;591;600;591;598;1817;1807;1817;600;591;591;1808;1817;1808;1817;1817;591;598;591;600;591;600;591;600;1808;1808;1817;1808;1817;1817;1067;85;s11000001110001111100000000111111t;
300;9801;1817;1817;591;600;591;591;599;1817;1806;1808;600;590;591;1816;1803;1807;1807;1808;591;600;600;591;591;591;600;591;1808;1808;1818;1808;1817;1808;1078;86;s11000001110001111100000000111111t;
300;9803;1817;1807;591;600;591;600;591;1817;1818;1818;600;591;600;1807;1817;1808;1817;1816;582;591;591;600;600;591;590;600;1815;1807;1817;1808;1817;1817;1066;87;s11000001110001111100000000111111t;
300;9809;1808;1808;591;600;591;591;591;1817;1911;1817;600;590;591;1820;1817;1807;1808;1808;591;600;591;600;591;591;591;601;1808;1817;1817;1808;1813;1813;1076;88;s11000001e10001111100000000111111t;
300;9800;2307;1826;591;600;591;600;591;1817;1817;1808;590;591;600;1808;1817;1808;1808;1808;600;600;591;591;600;592;591;591;1817;1808;1811;1821;1817;1817;1076;89;se1000001110001111100000000111111t;
300;9800;1817;1808;591;600;591;600;591;1821;1817;1808;591;590;600;1807;1817;1817;1806;1808;600;599;591;590;591;599;600;591;1808;1817;1817;1817;1817;1816;1076;90;s11000001110001111100000000111111t;
300;9803;1811;1820;603;594;594;604;603;1811;1811;1812;585;594;594;1821;1811;1811;1811;1811;595;594;585;594;599;603;603;595;1811;1811;1811;1821;1820;1811;1080;91;s11000001110001111100000000111111t;
300;9824;1808;1831;600;600;591;590;600;1816;1807;1814;599;591;599;1817;1808;1817;1817;1808;600;590;591;600;591;599;600;589;1813;1817;1817;1808;1817;1816;1076;92;s11000001110001111100000000111111t;
300;9803;1811;1811;594;585;595;594;594;1802;1812;1820;594;594;594;1811;1816;1811;1820;1811;594;595;595;594;594;594;595;594;1811;1820;1811;1809;1821;1811;1079;93;s11000001110001111100000000111111t;
300;9794;1861;1820;600;591;590;600;599;1817;1817;1817;591;600;591;1817;1807;1807;1809;2218;624;600;591;590;591;600;600;590;1817;1817;1808;1808;1817;1911;1075;94;s11000001110001111e0000000011111et;
300;9801;1817;1816;600;591;600;600;590;1817;1817;1807;591;591;600;1807;1807;1816;1807;1816;600;590;600;599;591;599;591;599;1817;1808;1817;1817;1808;1817;1067;95;s11000001110001111100000000111111t;
300;9767;1817;1808;600;591;600;591;591;1808;1808;1808;600;591;591;1808;1818;1803;1184;1817;600;590;591;587;600;600;591;591;1807;1808;1807;1817;1810;1816;1075;96;s1100000111000111e100000000111111t;
300;9797;1821;1811;594;594;594;595;595;1815;1811;1812;594;594;586;1820;1820;1811;1811;1820;585;594;594;595;585;585;594;594;1811;1810;1812;1802;1821;1820;1079;97;s11000001110001111100000000111111t;
300;9811;1812;1810;595;594;585;594;594;1821;1811;1812;594;595;594;1811;1811;1811;1812;1811;594;594;594;594;595;594;594;594;1811;1820;1821;1811;1809;1811;1070;98;s11000001110001111100000000111111t;
300;9801;1813;1817;590;600;600;591;591;1807;1817;1808;600;600;600;1808;1817;1817;1808;1815;600;591;591;591;600;600;591;591;1817;1807;1817;1817;1808;1817;1070;99;s11000001110001111100000000111111t;
500;9792;1808;1817;591;591;591;600;600;1816;1816;1808;590;591;600;1808;1817;1817;1807;1817;591;591;591;598;600;591;591;591;1818;1808;2212;1817;1808;1817;1067;0;s1100000111000111110000000011e111t;
500;9802;1808;1808;600;601;591;591;600;1817;1817;1815;600;592;591;1817;1808;1817;1817;1818;591;600;600;591;591;942;600;591;1808;1817;1831;1817;1818;1809;1076;1;s11000001110001111100000e00111111t;
500;9801;1807;1817;600;591;591;591;600;1808;1817;1817;581;591;589;1817;1807;1808;1817;1808;600;600;591;591;600;600;600;591;1808;1814;1807;1808;1808;1808;1075;2;s11000001110001111100000000111111t;
500;9795;1820;1818;585;595;598;603;595;1811;1811;1802;595;594;594;1811;1812;1820;1811;1820;604;594;594;603;603;595;594;594;1820;1811;1811;1802;1810;1811;1079;3;s11000001110001111100000000111111t;
500;9800;1816;1817;591;591;598;600;591;1817;1817;1817;591;600;600;1817;1816;1817;1817;1815;600;591;591;600;600;591;591;600;1816;1808;1817;1808;1817;1816;1075;4;s11000001110001111100000000111111t;
500;9809;1808;1826;591;590;600;599;590;1815;1816;1807;591;591;600;1808;1817;1817;1808;1808;600;600;591;591;592;600;591;591;1817;1808;1817;1817;1808;1808;1076;5;s11000001110001111100000000111111t;
500;9801;1816;1817;600;590;591;600;600;1808;1825;1817;600;591;600;1817;1808;1817;1817;1817;591;590;600;590;591;591;600;600;1808;1817;1817;1817;1817;1810;1076;6;s11000001110001111100000000111111t;
500;9801;448;1817;1808;591;591;591;600;599;1808;1808;1817;591;591;591;1818;1808;1817;1808;1808;591;590;591;591;600;600;591;591;1816;1817;1808;1807;1808;1808;7;se11000001110001111100000000111111;
500;9797;1826;1816;590;591;600;591;591;1808;1808;1808;600;600;591;1809;1807;1808;1808;1817;591;600;591;600;600;591;591;591;1808;1811;1815;1817;1807;1813;1066;8;s11000001110001111100000000111111t;
500;9809;1815;1807;599;591;599;600;590;1817;1817;1808;600;590;600;1807;1808;1807;1817;1817;591;590;590;600;590;590;591;600;1817;1817;1817;1807;1743;1808;1076;9;s11000001110001111100000000111111t;
500;9802;1817;1789;591;591;591;591;598;1817;1808;1807;599;591;599;1817;1808;1817;1817;1806;600;600;600;590;591;599;600;599;1813;1817;1807;1808;1817;1807;1076;10;s11000001110001111100000000111111t;
500;9809;1826;1817;591;600;591;591;596;1817;1817;1817;591;600;591;1817;1817;1817;1817;1808;590;591;591;600;591;591;590;600;1807;1808;1817;1808;1816;1816;1075;11;s11000001110001111100000000111111t;
500;9805;1808;1817;590;591;600;591;600;1808;1815;1807;591;600;590;1808;1808;1808;1811;1816;600;600;591;600;600;591;591;591;1817;1808;1817;1817;1807;1817;1077;12;s11000001110001111100000000111111t;
500;9802;1817;1808;591;591;600;591;600;1817;1807;1808;593;600;581;1817;2083;1805;1808;1817;591;591;591;600;600;600;590;591;1814;1816;1816;1807;1817;1817;1075;13;s11000001110001e11100000000111111t;
500;9794;1808;1817;600;590;590;591;600;1808;1817;1817;591;590;600;1814;1808;1817;1808;1808;600;600;581;591;591;600;600;600;1816;1834;1807;1816;1816;1807;1075;14;s11000001110001111100000000111111t;
500;9804;1819;1817;591;591;600;600;600;1808;1808;1808;591;591;591;1810;1808;1818;1808;1808;600;599;591;590;600;600;591;590;1816;1808;1808;1814;1808;1807;1058;15;s11000001110001111100000000111111t;
500;9798;1813;1328;599;591;599;591;590;1808;1808;1817;591;591;599;1817;1808;1817;1807;1808;600;599;591;590;591;599;600;590;1817;1817;1817;1817;1808;1813;1075;16;s1e000001110001111100000000111111t;
500;9803;1811;1805;594;594;585;595;595;1820;1811;1811;594;603;595;1811;1811;1802;1820;1252;594;595;595;594;595;595;594;594;1802;1811;1811;1811;1811;1811;1079;17;s11000001110001111e00000000111111t;
500;9801;297;1807;1807;599;600;581;590;590;1817;1808;1807;600;590;590;1808;1817;1807;1808;1808;591;590;600;600;582;591;591;598;1807;1808;1817;1808;1817;1817;18;se11000001110001111100000000111111;
500;9791;1817;1817;591;591;589;600;591;1809;1808;1808;591;600;600;1807;1817;1817;972;1817;600;591;591;600;600;591;591;590;1816;1810;1817;1808;1817;1817;1066;19;s1100000111000111e100000000111111t;
500;9803;1817;1811;594;594;594;585;594;1820;1820;1811;595;595;594;1811;1811;1811;1811;1821;603;595;594;594;594;595;594;594;1811;1802;1820;1820;1811;1811;1070;20;s11000001110001111100000000111111t;
500;9800;1817;1817;590;599;590;600;590;1814;1817;1807;600;609;591;1808;1808;1808;1811;1816;599;600;591;590;590;600;590;600;1816;1807;1816;1816;1807;1817;1066;21;s11000001110001111100000000111111t;
500;9799;1816;1817;590;591;591;600;600;1815;1817;1809;591;591;601;1808;1817;1808;1808;1808;600;601;591;592;600;592;591;591;1817;1817;1817;1808;1818;1817;1076;22;s11000001110001111100000000111111t;
500;9803;1811;1821;603;603;595;594;603;1820;1811;1818;595;594;594;1816;1810;1811;1811;1811;594;594;594;595;595;595;595;594;1811;1812;1809;1811;1811;1802;1070;23;s11000001110001111100000000111111t;
500;9804;1820;1811;594;604;603;594;594;1811;1802;1821;603;603;585;1811;1821;1811;1811;1819;595;595;603;603;594;595;595;603;1811;1812;1811;1802;1820;1820;1079;24;s11000001110001111100000000111111t;
500;9801;1808;1817;600;591;638;600;599;1853;1808;1817;591;590;600;1817;1816;1816;1807;1817;600;590;589;591;591;600;600;591;1817;1817;1817;1817;1817;1817;1076;25;s11000001110001111100000000111111t;
500;9803;1817;1816;591;600;591;600;591;1808;1808;1808;600;591;591;1817;1808;1817;1817;1817;591;591;600;591;591;600;600;601;1817;1817;1807;1807;1808;1808;1075;26;s11000001110001111100000000111111t;
500;9804;170;-1;1817;1806;591;599;591;600;590;1807;1817;1808;591;602;600;1807;1808;1807;1808;1817;591;591;591;590;600;591;581;591;1901;1808;1808;1817;1808;27;see11000001110001111100000000e1111;
500;9795;1820;1811;594;594;594;594;585;1811;1820;1811;594;595;604;1811;1812;1818;1811;1814;603;603;595;595;603;603;594;594;1812;1811;1811;1811;1810;1811;1079;28;s11000001110001111100000000111111t;
500;9809;1807;1808;600;594;599;590;590;1808;1794;2168;596;600;591;1817;1817;1817;1817;1809;591;591;600;591;600;591;600;591;1808;1808;1808;1808;1808;1817;1069;29;s110000011e0001111100000000111111t;
500;9802;1817;1807;590;591;599;600;590;1816;1816;1807;600;599;591;1807;1807;1816;1807;1808;600;590;590;600;600;582;590;591;1817;1808;1808;1817;1808;1817;1066;30;s11000001110001111100000000111111t;
500;9800;1817;1808;591;591;601;582;591;2230;1823;1808;591;591;600;1811;1817;1816;1808;1807;590;600;590;600;590;603;599;591;1816;1816;1816;1816;1816;1816;1075;31;s1100000e110001111100000000111111t;
500;9812;293;1811;1811;594;595;585;595;594;1821;1802;1811;595;585;595;1812;1811;1802;1811;1812;585;594;594;594;594;594;594;594;1811;1812;1810;1802;1811;1820;32;se11000001110001111100000000111111;
500;9803;1811;1811;602;604;594;594;594;1811;1811;1811;594;594;585;1821;1820;1811;1811;1820;594;594;604;604;594;594;603;612;1811;1812;1811;1802;1811;1818;1079;33;s11000001110001111100000000111111t;
500;9801;1817;1817;591;591;600;586;591;1817;1807;1818;591;600;591;1813;1818;1808;1817;1817;582;591;591;601;600;591;591;600;1808;2272;1822;1817;1817;1817;1066;34;s110000011100011111000000001e1111t;
500;9808;1819;1807;590;600;600;590;591;1808;1806;1808;591;600;591;1817;1817;1817;1817;1817;591;591;600;600;606;590;591;600;1808;1817;1817;1807;1818;1817;1076;35;s11000001110001111100000000111111t;
500;9805;1817;1808;591;591;600;600;591;1821;1817;1808;600;591;600;1808;1817;1816;1808;1816;600;591;590;600;600;600;590;591;1807;1807;1807;1808;1808;1808;1085;36;s11000001110001111100000000111111t;
500;9806;1816;1807;599;591;599;591;591;1817;1808;1818;591;600;591;1813;1817;1808;1817;1818;591;591;600;591;600;591;591;591;1817;1806;1817;1817;1808;1817;1069;37;s11000001110001111100000000111111t;
500;9802;1816;1817;600;591;600;590;600;1807;1808;1817;591;599;600;1816;1814;1816;1817;1807;600;591;600;591;591;600;600;591;1808;1808;1808;1807;1817;1808;1076;38;s11000001110001111100000000111111t;
500;9810;1808;1822;592;591;601;600;592;1809;1817;1808;592;591;600;1808;1808;1808;1806;1808;600;600;591;591;601;600;591;591;1817;1808;1817;1813;1810;1814;1076;39;s11000001110001111100000000111111t;
500;9802;1812;1815;603;594;594;594;604;1807;1811;1819;595;595;594;1820;1811;1811;1814;1802;594;594;594;585;594;596;594;593;1811;1811;1811;1811;1820;1811;1079;40;s11000001110001111100000000111111t;
500;9801;1817;1817;591;591;591;600;591;1808;1808;1807;600;591;598;1817;1808;1817;1816;1817;590;599;599;590;590;591;600;600;1817;1816;1808;1817;1816;1807;1084;41;s11000001110001111100000000111111t;
500;9800;1817;1816;599;600;590;591;599;1817;1808;1817;600;590;591;1807;1807;1808;1807;1811;600;591;600;591;599;590;591;600;1808;1817;1817;1808;1817;1808;1076;42;s11000001110001111100000000111111t;
500;9803;292;1811;1811;594;594;592;585;594;1820;1811;1811;594;595;585;1811;1811;1811;1821;1807;594;595;595;586;594;595;594;603;1811;1811;1802;1812;1811;1802;43;se11000001110001111100000000111111;
500;9786;1807;1808;591;600;590;591;591;1819;1808;1817;591;591;75;1827;1808;1817;1807;1808;600;600;590;600;591;600;591;600;1817;1817;1808;1808;1808;1808;1075;44;s110000011100e1111100000000111111t;
500;9805;1817;1817;600;599;591;590;600;1816;1807;1813;600;590;600;1816;1816;1816;1816;1807;590;590;600;600;591;591;589;590;1808;1807;1817;1817;1808;1817;1075;45;s11000001110001111100000000111111t;
500;9800;1817;1808;591;600;600;591;591;1818;1817;1815;598;591;680;1817;1816;1817;1817;1817;600;590;600;591;599;600;599;591;1807;1816;1817;1816;1816;1816;1075;46;s110000011100e1111100000000111111t;
500;9803;1821;1813;586;594;604;603;585;1811;1820;1811;594;594;594;1811;1820;1819;1812;1811;594;585;594;594;594;585;595;594;1811;1812;1811;1812;1810;1811;1080;47;s11000001110001111100000000111111t;
500;9811;1811;1811;594;594;594;595;594;1815;1812;1811;604;594;594;1811;1802;1812;1820;1811;594;594;591;594;594;594;595;568;1811;1811;1821;1811;1811;1821;1079;48;s11000001110001111100000000111111t;
500;9809;1817;1808;600;600;600;591;591;1817;1806;1817;600;591;591;1808;1817;1808;1817;1817;591;591;600;591;601;589;600;591;1817;1809;1817;1819;1808;1817;1076;49;s11000001110001111100000000111111t;
500;9800;1810;1808;591;590;600;599;591;1807;1808;1817;588;591;600;1817;1808;1816;1817;1817;591;600;600;600;591;590;600;590;1814;1817;1808;1817;1817;1808;1076;50;s11000001110001111100000000111111t;
500;9800;1816;1817;590;591;600;600;600;1808;1808;1817;591;600;591;1824;1817;1817;1816;1817;591;600;591;591;600;590;600;590;1807;1817;1807;1808;1817;1808;1085;51;s11000001110001111100000000111111t;
500;9809;1807;1780;599;600;590;591;592;1826;1808;1808;600;592;591;1818;1817;1807;1817;1817;591;591;600;591;601;591;591;591;1817;1808;1813;1806;1811;1817;1077;52;s11000001110001111100000000111111t;
500;9805;1821;1811;594;594;594;585;594;1811;1802;1811;594;603;594;1812;1811;1803;1811;1821;603;591;595;567;595;585;594;594;1811;1811;1812;1820;1811;1811;1070;53;s11000001110001111100000000111111t;
500;9805;1817;1817;591;591;591;600;591;1817;1815;1808;591;591;600;1808;1817;1817;1808;1817;591;600;591;600;594;591;600;590;1817;1817;1808;1817;1818;1808;1076;54;s11000001110001111100000000111111t;
500;9802;1816;1807;599;600;590;591;590;1817;1817;1807;600;600;591;1816;1816;1807;1817;1817;581;590;591;600;600;590;591;599;1817;1808;1817;1807;1817;1817;1076;55;s11000001110001111100000000111111t;
500;9804;1817;1817;591;591;600;591;591;1812;1817;1816;590;590;597;1807;1807;1816;1810;1808;600;594;591;599;600;590;591;590;1817;1816;1808;1808;1807;1808;1085;56;s11000001110001111100000000111111t;
500;9798;1811;1814;585;594;594;594;594;1811;1811;1801;585;594;594;1811;1809;1820;1809;1811;595;594;594;594;594;594;586;594;1811;1821;1811;1811;1818;1802;1079;57;s11000001110001111100000000111111t;
500;9801;1766;1817;600;591;594;600;591;1808;1807;1822;591;600;591;1807;1807;1807;1808;1809;590;600;599;591;590;591;599;600;1816;1816;1807;1817;1817;1808;1074;58;s11000001110001111100000000111111t;
500;9801;1817;1808;600;591;600;591;600;1805;1808;1817;590;599;590;1817;1808;1808;1815;1807;590;600;600;591;599;591;600;591;1807;1816;1807;1807;1816;1807;1076;59;s11000001110001111100000000111111t;
500;9800;1817;1817;591;591;600;600;601;1824;1814;1948;591;600;591;1817;1808;1808;1817;1808;600;599;600;591;590;600;592;590;1808;1816;1808;1817;1817;1808;1075;60;s110000011e0001111100000000111111t;
500;9794;1802;1811;604;603;594;594;604;1821;1811;1811;595;595;594;1811;1775;1811;1817;1811;585;594;594;594;595;585;594;594;1637;1809;1817;1775;1811;1812;1070;61;s11000001110001111100000000111111t;
500;9801;1817;1814;582;591;591;591;600;1808;1818;1817;591;591;600;1817;1328;1811;1808;1808;600;591;600;592;591;601;600;591;1813;1817;1808;1808;1813;864;1076;62;s11000001110001e1110000000011111et;
500;9800;1808;1807;600;600;582;590;591;1816;1807;1807;600;599;600;1817;1817;1817;1816;1815;591;591;591;600;600;591;591;600;1817;1817;1817;1808;1817;1816;1075;63;s11000001110001111100000000111111t;
500;9800;1820;1812;594;594;594;604;594;1811;1811;1811;594;603;603;1811;1811;1811;1811;1821;603;595;594;603;603;595;594;594;1821;1811;1811;1812;1811;1812;1079;64;s11000001110001111100000000111111t;
500;9801;1807;1817;599;591;591;591;599;1808;1808;1817;590;600;591;1817;1808;1818;1817;1818;591;601;592;592;601;591;600;591;1815;1818;1808;1808;1818;1808;1076;65;s11000001110001111100000000111111t;
500;9809;1816;1817;590;600;591;590;600;1807;1817;1807;600;591;600;1807;1808;1817;1808;1808;600;591;590;591;600;591;600;591;1817;1817;1806;1817;1817;1808;1076;66;s11000001110001111100000000111111t;
500;9800;1806;1817;600;591;591;591;600;1808;1816;1817;581;591;591;1817;1807;1814;1817;1807;599;600;599;590;590;600;599;591;1816;1816;1807;1816;1817;1807;1075;67;s11000001110001111100000000111111t;
500;9800;1808;1808;599;599;582;590;590;1817;1808;1817;600;601;591;1817;1817;1817;1817;1808;591;601;591;600;591;591;592;600;1808;1808;1808;1808;1808;1817;1067;68;s11000001110001111100000000111111t;
500;9805;1817;1817;600;599;591;590;590;1817;1808;1817;600;590;600;1816;1807;1817;1817;1817;591;589;600;590;591;600;591;600;1808;1807;1817;1808;1817;1808;1076;69;s11000001110001111100000000111111t;
500;9809;1817;1817;591;600;591;600;591;1817;1816;1817;591;591;591;1816;1817;1807;1816;1807;599;591;590;600;589;591;599;591;1807;1811;1817;1808;1807;1817;1075;70;s11000001110001111100000000111111t;
500;9801;1808;1817;591;601;591;592;591;1817;1808;1815;600;591;591;1808;1817;1808;1818;1808;591;591;600;601;591;591;590;600;1808;1808;1817;1817;1813;1817;1076;71;s11000001110001111100000000111111t;
500;9801;1808;1816;590;600;590;591;599;1817;1817;1817;591;600;591;1808;1817;1808;1807;1816;591;591;591;600;600;591;591;590;1816;1807;1816;1817;1808;1817;1076;72;s11000001110001111100000000111111t;
500;9800;1817;1817;600;591;600;590;599;1807;1808;1817;591;590;600;1816;1815;1816;1816;1816;599;591;599;591;599;600;590;591;1807;1807;1808;1806;1817;1807;1076;73;s11000001110001111100000000111111t;
500;9811;1811;1811;585;595;594;594;594;1812;1820;1811;595;595;594;1811;1811;1820;1811;1812;594;594;594;594;594;594;604;594;1811;1812;1811;1812;1820;1811;1080;74;s11000001110001111100000000111111t;
500;9794;1811;1811;595;595;594;594;594;1811;1808;1808;595;585;594;1811;1812;1811;1811;1788;594;594;594;604;594;594;594;595;1811;1812;1820;1812;1820;1811;1070;75;s11000001110001111100000000111111t;
500;9802;1811;1820;595;594;594;603;603;1811;1811;1811;595;594;594;1913;1814;1811;1811;1802;594;595;595;585;594;594;594;585;1821;1820;1811;1811;2215;1812;1079;76;s1100000111000e1111000000001111e1t;
500;9801;1817;1812;591;591;600;591;600;1808;1817;1807;591;599;590;1817;1808;1807;1808;1808;590;600;599;591;591;591;609;600;1807;1807;1817;1808;1807;1817;1076;77;s11000001110001111100000000111111t;
500;9804;1811;1811;594;585;594;595;595;1811;1811;1820;594;589;595;1821;1811;1811;1812;1802;595;594;594;585;610;603;603;594;1817;1812;1802;1811;1820;1811;648;78;s110000011100011111000000001111110;
500;9801;1817;1808;600;599;591;590;591;1816;1807;1807;600;600;591;1808;1808;1808;1807;1817;600;591;591;591;600;591;591;591;1817;1808;1805;1817;1808;1807;1076;79;s11000001110001111100000000111111t;
500;9800;1816;1817;591;590;590;600;590;1807;1808;1817;600;600;591;1817;1817;1815;1817;1817;582;591;591;600;600;591;591;600;1808;1817;1817;1808;1274;2040;1067;80;s110000011100011111000000001111eet;
500;9801;1817;1808;601;588;591;591;591;1808;1809;1817;591;591;591;1817;1808;1816;1817;2140;591;591;600;600;591;590;600;599;1808;1808;1808;1808;1808;1816;1075;81;s11000001110001111e00000000111111t;
500;9800;1807;1808;600;600;591;591;601;1808;1817;1817;591;591;600;1817;1808;1812;1815;1805;591;600;600;600;591;600;591;601;1808;1817;1820;1808;1817;1818;1078;82;s11000001110001111100000000111111t;
500;9792;1808;1808;590;600;591;599;591;1817;1815;1816;591;591;591;1817;1817;1807;1816;1816;590;600;590;600;591;599;600;591;1808;1808;1817;1808;1818;1817;1076;83;s11000001110001111100000000111111t;
500;9814;1817;1817;591;591;591;600;591;1808;1807;1816;599;590;600;1816;1807;1816;1817;1817;600;600;590;590;600;600;590;591;1806;1807;1807;1808;1808;1808;1076;84;s11000001110001111100000000111111t;
500;9800;1817;1817;591;590;599;573;591;1808;1807;1808;591;600;591;1808;1808;1808;1808;1807;600;600;591;592;600;591;600;591;1817;1817;1881;1817;1817;1808;1076;85;s1100000111000111110000000011e111t;
500;9809;297;1806;1807;600;600;591;591;599;1817;1808;1808;600;600;591;1808;1817;1807;1817;1817;582;591;591;592;600;591;591;600;1817;1808;1808;1799;1808;1817;86;se11000001110001111100000000111111;
500;9792;1817;1808;589;590;599;600;590;1815;1814;1807;591;599;600;1807;1816;1816;1807;1817;600;591;591;591;600;591;600;591;1817;1816;1817;1816;1817;1807;1085;87;s11000001110001111100000000111111t;
500;9801;1817;1817;600;68;587;591;591;1808;1808;1808;600;590;591;1807;1808;1808;1817;1808;591;593;600;599;591;590;591;599;1808;1808;1817;1808;1807;1816;1075;88;s110e0001110001111100000000111111t;
500;9801;1817;1817;591;590;591;599;600;1807;1815;1817;591;591;591;1817;1808;1817;1807;1808;600;591;600;591;600;600;591;591;1808;1817;1808;1816;1817;1808;1076;89;s11000001110001111100000000111111t;
500;9798;1813;1817;591;590;591;599;600;1807;1816;1816;600;599;591;1807;1807;1807;1808;1816;591;599;600;590;591;599;600;600;1811;1808;1817;1808;1817;1817;1076;90;s11000001110001111100000000111111t;
500;9812;1817;1808;591;600;600;591;591;1808;1817;1807;600;591;600;1806;1806;1808;1808;1808;600;600;591;599;591;599;591;590;1817;1816;1808;1817;1808;1808;1075;91;s11000001110001111100000000111111t;
500;9803;1811;1820;603;604;585;592;594;1820;1812;1811;595;585;594;1820;1821;1811;1811;1811;593;594;594;595;585;594;594;594;1802;1811;1821;1811;1811;1812;1070;92;s11000001110001111100000000111111t;
500;9795;1811;1811;594;604;594;594;594;1811;1811;1819;603;594;595;1811;1812;1811;1812;1811;594;594;603;603;595;594;603;601;1812;1811;1812;1802;1812;1820;1079;93;s11000001110001111100000000111111t;
500;9809;1818;1808;600;591;600;591;600;1817;1807;1811;600;600;598;1817;1817;1817;1808;1813;600;591;599;600;590;591;590;600;1816;1809;1817;1817;1817;1817;1067;94;s11000001110001111100000000111111t;
500;9800;1817;1817;591;591;591;600;591;1808;1809;1817;591;591;591;1817;1806;1817;1817;1815;599;590;599;590;600;591;600;591;2305;1817;1808;1810;1817;1807;1076;95;s11000001110001111100000000e11111t;
500;9796;1817;1811;591;600;600;591;590;1807;1817;1807;591;600;591;1808;1808;1816;1809;1808;600;590;591;590;599;590;590;591;1817;1817;1808;1817;1806;1807;1085;96;s11000001110001111100000000111111t;
500;9795;1811;1811;594;594;594;594;594;1809;1821;1820;594;594;594;1820;1811;1821;1820;1811;595;595;603;593;594;595;595;594;1811;1811;1811;1811;1821;1811;1079;97;s11000001110001111100000000111111t;
500;9809;1817;1808;600;591;600;600;591;1812;1817;1805;600;592;600;1808;1817;1817;1817;1817;600;600;591;591;600;600;591;591;1817;1808;1808;1817;1800;1815;1076;98;s11000001110001111100000000111111t;
500;9809;1817;1817;591;590;600;590;600;1816;1816;1816;590;591;600;1807;1808;1808;1808;1817;600;591;591;601;600;591;591;600;1817;1716;1808;1818;1808;1817;1076;99;s11000001110001111100000000111111t;
